capture,ratID,orig_ratID,experience,sex,xpose_tag,population
dmPFC1,NT-1,mRFP05R02,NT,F,1,all
dmPFC1,RT-3,mRFP07R04,RT,F,2,non-active
dmPFC1,NC-2,mRFP05R09,NC,F,3,active
dmPFC1,N-1,mRFP07RN1,N,F,4,all
dmPFC1,NT-4,mRFP06R09,NT,M,5,all
dmPFC1,RT-5,mRFP07R03,RT,M,6,active
dmPFC1,NC-4,mRFP06R04,NC,M,7,non-active
dmPFC1,N-4,mRFP07RN6,N,M,8,all
dmPFC1,NT-5,mRFP06R10,NT,M,9,all
dmPFC1,RT-6,mRFP07R11,RT,M,10,non-active
dmPFC1,NC-3,mRFP05R15,NC,F,11,active
dmPFC1,N-3,mRFP07RN4,N,F,12,all
dmPFC2,NT-1,mRFP05R02,NT,F,1,all
dmPFC2,RT-3,mRFP07R04,RT,F,2,active
dmPFC2,NC-2,mRFP05R09,NC,F,3,non-active
dmPFC2,N-1,mRFP07RN1,N,F,4,all
dmPFC2,NT-4,mRFP06R09,NT,M,5,all
dmPFC2,RT-5,mRFP07R03,RT,M,6,non-active
dmPFC2,NC-4,mRFP06R04,NC,M,7,active
dmPFC2,N-4,mRFP07RN6,N,M,8,all
dmPFC2,NT-5,mRFP06R10,NT,M,9,all
dmPFC2,RT-6,mRFP07R11,RT,M,10,active
dmPFC2,NC-3,mRFP05R15,NC,F,11,non-active
dmPFC2,N-3,mRFP07RN4,N,F,12,all
dmPFC3,NT-2,mRFP05R11,NT,F,1,all
dmPFC3,RT-1,mRFP05R08,RT,F,2,non-active
dmPFC3,NC-1,mRFP05R05,NC,F,3,active
dmPFC3,N-2,mRFP07RN2,N,F,4,all
dmPFC3,NT-3,mRFP07R17,NT,F,5,all
dmPFC3,RT-2,mRFP05R10,RT,F,6,active
dmPFC3,NC-5,mRFP06R05,NC,M,7,non-active
dmPFC3,N-5,mRFP07RN7,N,M,8,all
dmPFC3,NT-6,mRFP06R12,NT,M,9,all
dmPFC3,RT-4,mRFP06R03,RT,M,10,non-active
dmPFC3,NC-6,mRFP06R07,NC,M,11,active
dmPFC3,N-6,mRFP07RN8,N,M,12,all
dmPFC4,NT-2,mRFP05R11,NT,F,1,all
dmPFC4,RT-1,mRFP05R08,RT,F,2,active
dmPFC4,NC-1,mRFP05R05,NC,F,3,non-active
dmPFC4,N-2,mRFP07RN2,N,F,4,all
dmPFC4,NT-3,mRFP07R17,NT,F,5,all
dmPFC4,RT-2,mRFP05R10,RT,F,6,non-active
dmPFC4,NC-5,mRFP06R05,NC,M,7,active
dmPFC4,N-5,mRFP07RN7,N,M,8,all
dmPFC4,NT-6,mRFP06R12,NT,M,9,all
dmPFC4,RT-4,mRFP06R03,RT,M,10,active
dmPFC4,NC-6,mRFP06R07,NC,M,11,non-active
dmPFC4,N-6,mRFP07RN8,N,M,12,all
vmPFC1,NT-1,mRFP05R02,NT,F,1,all
vmPFC1,RT-3,mRFP07R04,RT,F,2,non-active
vmPFC1,NC-2,mRFP05R09,NC,F,3,active
vmPFC1,N-1,mRFP07RN1,N,F,4,all
vmPFC1,NT-4,mRFP06R09,NT,M,5,all
vmPFC1,RT-5,mRFP07R03,RT,M,6,active
vmPFC1,NC-4,mRFP06R04,NC,M,7,non-active
vmPFC1,N-4,mRFP07RN6,N,M,8,all
vmPFC1,NT-5,mRFP06R10,NT,M,9,all
vmPFC1,RT-6,mRFP07R11,RT,M,10,non-active
vmPFC1,NC-3,mRFP05R15,NC,F,11,active
vmPFC1,N-3,mRFP07RN4,N,F,12,all
vmPFC2,NT-1,mRFP05R02,NT,F,1,all
vmPFC2,RT-3,mRFP07R04,RT,F,2,active
vmPFC2,NC-2,mRFP05R09,NC,F,3,non-active
vmPFC2,N-1,mRFP07RN1,N,F,4,all
vmPFC2,NT-4,mRFP06R09,NT,M,5,all
vmPFC2,RT-5,mRFP07R03,RT,M,6,non-active
vmPFC2,NC-4,mRFP06R04,NC,M,7,active
vmPFC2,N-4,mRFP07RN6,N,M,8,all
vmPFC2,NT-5,mRFP06R10,NT,M,9,all
vmPFC2,RT-6,mRFP07R11,RT,M,10,active
vmPFC2,NC-3,mRFP05R15,NC,F,11,non-active
vmPFC2,N-3,mRFP07RN4,N,F,12,all
vmPFC3,NT-2,mRFP05R11,NT,F,1,all
vmPFC3,RT-1,mRFP05R08,RT,F,2,non-active
vmPFC3,NC-1,mRFP05R05,NC,F,3,active
vmPFC3,N-2,mRFP07RN2,N,F,4,all
vmPFC3,NT-3,mRFP07R17,NT,F,5,all
vmPFC3,RT-2,mRFP05R10,RT,F,6,active
vmPFC3,NC-5,mRFP06R05,NC,M,7,non-active
vmPFC3,N-5,mRFP07RN7,N,M,8,all
vmPFC3,NT-6,mRFP06R12,NT,M,9,all
vmPFC3,RT-4,mRFP06R03,RT,M,10,non-active
vmPFC3,NC-6,mRFP06R07,NC,M,11,active
vmPFC3,N-6,mRFP07RN8,N,M,12,all
vmPFC4,NT-2,mRFP05R11,NT,F,1,all
vmPFC4,RT-1,mRFP05R08,RT,F,2,active
vmPFC4,NC-1,mRFP05R05,NC,F,3,non-active
vmPFC4,N-2,mRFP07RN2,N,F,4,all
vmPFC4,NT-3,mRFP07R17,NT,F,5,all
vmPFC4,RT-2,mRFP05R10,RT,F,6,non-active
vmPFC4,NC-5,mRFP06R05,NC,M,7,active
vmPFC4,N-5,mRFP07RN7,N,M,8,all
vmPFC4,NT-6,mRFP06R12,NT,M,9,all
vmPFC4,RT-4,mRFP06R03,RT,M,10,active
vmPFC4,NC-6,mRFP06R07,NC,M,11,non-active
vmPFC4,N-6,mRFP07RN8,N,M,12,all
